Full name,Short Name,Readable Name,Year,Month,Mean,Std Dev,Min,Max,Cutoff,Bins,Ticks,F1,F2,F3,F4,F5,F6,F7,F8,F9,F10,F11,F12,F13,F14,F15,F16,F17,F18,F19,F20
AUDJPY_Ticks_2014.04.01_2014.04.30.csv,AUDJPY,AUD/JPY,2014,April,0.009259460707094944,0.003715102155758445,0.001,0.206,0.06,20,1533712,0.01,0.009,0.008,0.011,0.007,0.006,0.012,0.005,0.004,0.013,0.014,0.017,0.016,0.015,0.018,0.022,0.02,0.019,0.021,0.023
AUDUSD_Ticks_2014.04.01_2014.04.30.csv,AUDUSD,AUD/USD,2014,April,7.624096349757936e-05,2.9202543112607746e-05,1e-05,0.00127,0.00045,20,1010070,8e-05,7e-05,6e-05,9e-05,5e-05,0.0001,4e-05,0.00011,0.00012,0.00016,0.00014,0.00013,0.00015,0.00018,0.00017,0.00022,0.0002,0.00019,0.00026,0.00021
EURAUD_Ticks_2014.04.01_2014.04.30.csv,EURAUD,EUR/AUD,2014,April,0.0001377799777090536,5.226844458018641e-05,1e-05,0.00191,0.0009,20,1577322,0.00014,0.00013,0.00016,0.00012,0.00015,0.00011,0.0001,9e-05,8e-05,0.00017,0.00018,7e-05,0.00019,0.0002,6e-05,0.00021,5e-05,0.00022,4e-05,0.00023
EURGBP_Ticks_2014.04.01_2014.04.30.csv,EURGBP,EUR/GBP,2014,April,7.460281415953873e-05,2.9145477851100838e-05,1e-05,0.00158,0.00027,20,860932,7e-05,8e-05,6e-05,5e-05,9e-05,4e-05,0.0001,0.00011,0.00012,0.00014,0.00013,0.00015,0.00016,0.00017,0.00018,0.0002,0.00019,0.00021,0.00022,0.00023
EURJPY_Ticks_2014.04.01_2014.04.30.csv,EURJPY,EUR/JPY,2014,April,0.006261001572343721,0.003200701049157157,0.001,0.262,0.04,20,1603339,0.006,0.007,0.008,0.005,0.004,0.003,0.009,0.002,0.01,0.001,0.011,0.014,0.012,0.013,0.016,0.015,0.018,0.017,0.019,0.024
EURUSD_Ticks_2014.04.01_2014.04.30.csv,EURUSD,EUR/USD,2014,April,2.3802077071954552e-05,1.513125623279923e-05,1e-05,0.00118,0.0003,20,923319,2e-05,3e-05,1e-05,4e-05,5e-05,6e-05,7e-05,8e-05,9e-05,0.0001,0.00011,0.00012,0.00013,0.00014,0.00015,0.00016,0.00017,0.00019,0.00018,0.00022
GBPAUD_Ticks_2014.04.01_2014.04.30.csv,GBPAUD,GBP/AUD,2014,April,0.00017969164664446025,0.00010916025317379784,1e-05,0.00453,0.0009,20,1465040,0.00017,0.00015,0.00019,0.00016,0.00014,0.00018,0.00013,0.00022,0.00012,0.0002,0.00011,0.00021,0.0001,0.00023,9e-05,8e-05,7e-05,0.00024,6e-05,0.00025
GBPJPY_Ticks_2014.04.01_2014.04.30.csv,GBPJPY,GBP/JPY,2014,April,0.013250380697776731,0.007176974201090008,0.001,0.491,0.07,20,1891264,0.015,0.014,0.013,0.012,0.011,0.01,0.009,0.008,0.016,0.007,0.017,0.018,0.006,0.019,0.02,0.005,0.022,0.004,0.021,0.023
GBPUSD_Ticks_2014.04.01_2014.04.30.csv,GBPUSD,GBP/USD,2014,April,7.897099541306507e-05,4.7986128516024616e-05,1e-05,0.002,0.0004,20,913028,8e-05,7e-05,6e-05,5e-05,9e-05,0.0001,4e-05,0.00011,3e-05,0.00012,0.00013,2e-05,0.00014,0.00016,0.00015,0.00018,0.0002,0.00017,0.00019,1e-05
USDJPY_Ticks_2014.04.01_2014.04.30.csv,USDJPY,USD/JPY,2014,April,0.002780482506728182,0.0019522567233850787,0.001,0.12,0.03,20,1040400,0.003,0.002,0.004,0.001,0.005,0.006,0.007,0.008,0.009,0.01,0.011,0.012,0.013,0.016,0.014,0.015,0.018,0.017,0.02,0.019
AUDJPY_Ticks_2014.08.01_2014.08.31.csv,AUDJPY,AUD/JPY,2014,August,0.010345395176799948,0.003391969171300183,0.001,0.203,0.06,20,1300962,0.01,0.011,0.009,0.012,0.008,0.007,0.013,0.006,0.014,0.005,0.015,0.004,0.016,0.017,0.018,0.019,0.02,0.021,0.022,0.024
AUDUSD_Ticks_2014.08.01_2014.08.31.csv,AUDUSD,AUD/USD,2014,August,8.619207127766345e-05,2.963430540553921e-05,1e-05,0.00128,0.00045,20,1024276,9e-05,8e-05,7e-05,0.0001,6e-05,0.00011,5e-05,0.00012,4e-05,0.00013,0.00016,0.00014,0.00015,0.00018,0.00017,0.0002,0.00019,0.00021,0.00022,0.00024
EURAUD_Ticks_2014.08.01_2014.08.31.csv,EURAUD,EUR/AUD,2014,August,0.00016014474146097514,5.090985373976448e-05,1e-05,0.00307,0.0009,20,1455699,0.00016,0.00015,0.00014,0.00017,0.00018,0.00013,0.00012,0.00019,0.00011,0.0002,0.0001,0.00021,0.00022,9e-05,0.00023,0.00024,8e-05,0.00025,7e-05,0.00026
EURGBP_Ticks_2014.08.01_2014.08.31.csv,EURGBP,EUR/GBP,2014,August,8.106226406221706e-05,2.3387025745632997e-05,1e-05,0.00098,0.00027,20,999469,8e-05,7e-05,9e-05,6e-05,0.0001,5e-05,0.00011,0.00012,4e-05,0.00013,0.00014,0.00016,0.00015,0.00017,0.00018,0.00019,0.0002,0.00021,0.00022,0.00023
EURJPY_Ticks_2014.08.01_2014.08.31.csv,EURJPY,EUR/JPY,2014,August,0.006364501253007574,0.0026972847977587977,0.001,0.1,0.04,20,1520741,0.007,0.006,0.005,0.008,0.004,0.009,0.003,0.002,0.01,0.011,0.001,0.012,0.014,0.013,0.015,0.016,0.018,0.017,0.019,0.02
EURUSD_Ticks_2014.08.01_2014.08.31.csv,EURUSD,EUR/USD,2014,August,2.4784186200563057e-05,1.565415704037648e-05,1e-05,0.00088,0.0003,20,1129191,2e-05,3e-05,1e-05,4e-05,5e-05,6e-05,7e-05,8e-05,9e-05,0.0001,0.00011,0.00012,0.00013,0.00014,0.00015,0.00016,0.00017,0.00018,0.0002,0.00019
GBPAUD_Ticks_2014.08.01_2014.08.31.csv,GBPAUD,GBP/AUD,2014,August,0.00019839009471457646,8.063479105361983e-05,1e-05,0.00407,0.0009,20,1484460,0.00019,0.00021,0.00018,0.00017,0.0002,0.00016,0.00015,0.00023,0.00014,0.00022,0.00013,0.00012,0.00024,0.00011,0.00026,0.00025,0.00027,0.0001,0.00028,0.00029
GBPJPY_Ticks_2014.08.01_2014.08.31.csv,GBPJPY,GBP/JPY,2014,August,0.013404114006195235,0.004690390834872695,0.001,0.375,0.07,20,1733590,0.013,0.014,0.012,0.011,0.015,0.016,0.01,0.009,0.017,0.008,0.018,0.019,0.007,0.006,0.02,0.021,0.005,0.022,0.023,0.024
GBPUSD_Ticks_2014.08.01_2014.08.31.csv,GBPUSD,GBP/USD,2014,August,8.78333648693424e-05,3.4997318292150514e-05,1e-05,0.00165,0.0004,20,1167977,9e-05,8e-05,7e-05,0.0001,6e-05,0.00011,5e-05,0.00012,4e-05,0.00013,0.00014,3e-05,0.00015,0.00016,0.00018,0.00017,2e-05,0.00019,0.0002,0.00021
USDJPY_Ticks_2014.08.01_2014.08.31.csv,USDJPY,USD/JPY,2014,August,0.00273666496755776,0.001535527782532874,0.001,0.144,0.03,20,869083,0.003,0.002,0.004,0.001,0.005,0.006,0.007,0.008,0.009,0.01,0.012,0.011,0.013,0.014,0.015,0.016,0.017,0.018,0.02,0.019
AUDJPY_Ticks_2014.12.01_2014.12.31.csv,AUDJPY,AUD/JPY,2014,December,0.01514179052737632,0.007955648725754683,0.001,0.347,0.06,20,2278904,0.014,0.012,0.013,0.016,0.015,0.011,0.017,0.01,0.019,0.018,0.009,0.008,0.02,0.021,0.022,0.007,0.024,0.023,0.006,0.025
AUDUSD_Ticks_2014.12.01_2014.12.31.csv,AUDUSD,AUD/USD,2014,December,0.00012915072459856452,6.411952145737194e-05,1e-05,0.00218,0.00045,20,1556103,0.00012,0.00011,0.0001,0.00013,0.00014,9e-05,0.00015,8e-05,0.00016,7e-05,0.00017,6e-05,0.00018,0.00019,5e-05,0.0002,0.00021,4e-05,0.00022,0.00023
EURAUD_Ticks_2014.12.01_2014.12.31.csv,EURAUD,EUR/AUD,2014,December,0.00020917331064817553,0.00012791214299150318,1e-05,0.0035,0.0009,20,2274615,0.00018,0.00016,0.0002,0.00021,0.00017,0.00019,0.00015,0.00023,0.00014,0.00022,0.00013,0.00026,0.00024,0.00025,0.00012,0.00028,0.00011,0.00027,0.0001,0.00029
EURGBP_Ticks_2014.12.01_2014.12.31.csv,EURGBP,EUR/GBP,2014,December,0.00010593535669643505,5.8465393132491896e-05,1e-05,0.00189,0.00027,20,1439221,0.0001,9e-05,8e-05,0.00011,7e-05,0.00012,6e-05,0.00013,0.00014,5e-05,0.00015,0.00016,0.00017,4e-05,0.00018,0.00022,0.0002,0.00019,0.00021,0.00024
EURJPY_Ticks_2014.12.01_2014.12.31.csv,EURJPY,EUR/JPY,2014,December,0.010728221803505408,0.007334421455998216,0.001,0.349,0.04,20,2832994,0.01,0.009,0.011,0.008,0.012,0.007,0.006,0.013,0.005,0.014,0.004,0.015,0.016,0.003,0.017,0.002,0.018,0.019,0.001,0.02
EURUSD_Ticks_2014.12.01_2014.12.31.csv,EURUSD,EUR/USD,2014,December,3.280711554569595e-05,2.8405615617386546e-05,1e-05,0.00177,0.0003,20,1684537,3e-05,2e-05,4e-05,1e-05,5e-05,6e-05,7e-05,8e-05,9e-05,0.0001,0.00011,0.00012,0.00013,0.00014,0.00015,0.00016,0.00017,0.00018,0.00024,0.00019
GBPAUD_Ticks_2014.12.01_2014.12.31.csv,GBPAUD,GBP/AUD,2014,December,0.00031208577432231284,0.0002509233484356346,1e-05,0.005,0.0009,20,1768921,0.00021,0.00019,0.00024,0.00022,0.00023,0.00025,0.00027,0.00026,0.0002,0.00032,0.00029,0.00031,0.00028,0.0003,0.00018,0.00033,0.00017,0.00034,0.00035,0.00016
GBPJPY_Ticks_2014.12.01_2014.12.31.csv,GBPJPY,GBP/JPY,2014,December,0.022261194910825625,0.013553485393641969,0.001,0.498,0.07,20,2600579,0.017,0.019,0.02,0.022,0.016,0.021,0.018,0.023,0.024,0.015,0.025,0.014,0.026,0.027,0.013,0.028,0.029,0.031,0.03,0.012
GBPUSD_Ticks_2014.12.01_2014.12.31.csv,GBPUSD,GBP/USD,2014,December,0.00011768930780014509,9.214769663842641e-05,1e-05,0.00305,0.0004,20,1880324,0.0001,9e-05,8e-05,0.00011,0.00012,7e-05,0.00013,0.00014,6e-05,0.00015,5e-05,0.00016,0.00017,4e-05,0.00018,0.00019,0.0002,3e-05,0.00021,0.00022
USDJPY_Ticks_2014.12.01_2014.12.31.csv,USDJPY,USD/JPY,2014,December,0.0050466385692725995,0.003743357536284368,0.001,0.206,0.03,20,1910972,0.004,0.005,0.003,0.006,0.002,0.007,0.008,0.001,0.009,0.01,0.011,0.012,0.013,0.014,0.016,0.015,0.017,0.018,0.02,0.019
AUDJPY_Ticks_2014.02.01_2014.02.28.csv,AUDJPY,AUD/JPY,2014,February,0.01075865377898954,0.0036595710692800135,0.001,0.2,0.06,20,1746578,0.011,0.012,0.01,0.009,0.008,0.013,0.007,0.014,0.006,0.015,0.005,0.016,0.004,0.017,0.019,0.018,0.02,0.022,0.021,0.024
AUDUSD_Ticks_2014.02.01_2014.02.28.csv,AUDUSD,AUD/USD,2014,February,7.48088877515569e-05,2.462028816862702e-05,1e-05,0.0026,0.00045,20,1070732,7e-05,8e-05,6e-05,9e-05,5e-05,0.0001,4e-05,0.00011,0.00012,0.00013,0.00014,0.00015,0.00016,0.00018,0.00017,0.00019,0.0002,0.00022,0.00021,0.00026
EURAUD_Ticks_2014.02.01_2014.02.28.csv,EURAUD,EUR/AUD,2014,February,0.00015745527429970952,5.643552780716531e-05,1e-05,0.00303,0.0009,20,1860228,0.00014,0.00016,0.00013,0.00015,0.00012,0.00017,0.00019,0.00011,0.00018,0.0002,0.0001,0.00021,0.00022,9e-05,0.00023,8e-05,0.00024,7e-05,0.00025,6e-05
EURGBP_Ticks_2014.02.01_2014.02.28.csv,EURGBP,EUR/GBP,2014,February,7.266282251054506e-05,2.8873996431882554e-05,1e-05,0.00142,0.00027,20,998572,7e-05,8e-05,6e-05,5e-05,9e-05,4e-05,0.0001,0.00011,0.00012,0.00013,0.00014,0.00015,0.00016,0.00018,0.00017,0.0002,0.00019,0.00022,0.00021,0.00024
EURJPY_Ticks_2014.02.01_2014.02.28.csv,EURJPY,EUR/JPY,2014,February,0.006707306750794444,0.0033245600080437777,0.001,0.228,0.04,20,1783953,0.007,0.006,0.008,0.005,0.009,0.004,0.003,0.01,0.002,0.011,0.001,0.012,0.013,0.014,0.015,0.016,0.018,0.017,0.02,0.019
EURUSD_Ticks_2014.02.01_2014.02.28.csv,EURUSD,EUR/USD,2014,February,2.2789551467520515e-05,1.3642476614993655e-05,1e-05,0.00152,0.0003,20,1104959,2e-05,1e-05,3e-05,4e-05,5e-05,6e-05,7e-05,8e-05,9e-05,0.0001,0.00012,0.00011,0.00013,0.00014,0.00015,0.00016,0.00017,0.00018,0.0002,0.00019
GBPAUD_Ticks_2014.02.01_2014.02.28.csv,GBPAUD,GBP/AUD,2014,February,0.0001918379546294421,9.215427962884216e-05,1e-05,0.005,0.0009,20,1677740,0.00017,0.00022,0.00019,0.00015,0.00023,0.00016,0.00021,0.00018,0.0002,0.00014,0.00013,0.00012,0.00011,0.0001,0.00024,9e-05,0.00029,8e-05,0.00025,0.00027
GBPJPY_Ticks_2014.02.01_2014.02.28.csv,GBPJPY,GBP/JPY,2014,February,0.012377465230385768,0.005376228960918796,0.001,0.496,0.07,20,2251463,0.012,0.013,0.011,0.014,0.01,0.015,0.009,0.008,0.007,0.016,0.017,0.006,0.005,0.018,0.019,0.004,0.02,0.021,0.022,0.023
GBPUSD_Ticks_2014.02.01_2014.02.28.csv,GBPUSD,GBP/USD,2014,February,6.352680492773508e-05,3.617177404214959e-05,1e-05,0.00268,0.0004,20,1150143,6e-05,7e-05,5e-05,8e-05,4e-05,3e-05,2e-05,9e-05,0.0001,0.00011,0.00012,1e-05,0.00013,0.00014,0.00015,0.00016,0.00018,0.00017,0.00019,0.0002
USDJPY_Ticks_2014.02.01_2014.02.28.csv,USDJPY,USD/JPY,2014,February,0.004229715620218967,0.001760872842066441,0.001,0.13,0.03,20,1173255,0.004,0.003,0.005,0.006,0.002,0.007,0.001,0.008,0.009,0.01,0.012,0.011,0.013,0.014,0.015,0.016,0.017,0.018,0.019,0.02
AUDJPY_Ticks_2014.01.01_2014.01.31.csv,AUDJPY,AUD/JPY,2014,January,0.01103830507105275,0.004631848289078795,0.001,0.26,0.06,20,2054741,0.012,0.011,0.01,0.009,0.013,0.008,0.014,0.007,0.006,0.015,0.005,0.016,0.004,0.017,0.018,0.019,0.02,0.021,0.022,0.023
AUDUSD_Ticks_2014.01.01_2014.01.31.csv,AUDUSD,AUD/USD,2014,January,7.497953909909695e-05,2.8512829829196536e-05,1e-05,0.00228,0.00045,20,1347448,8e-05,7e-05,6e-05,9e-05,5e-05,4e-05,0.0001,0.00011,0.00012,0.00013,0.00014,0.00015,0.00016,0.00018,0.00017,0.00019,0.0002,0.00022,0.00021,0.00024
EURAUD_Ticks_2014.01.01_2014.01.31.csv,EURAUD,EUR/AUD,2014,January,0.000152109243435481,7.032369004946541e-05,1e-05,0.00327,0.0009,20,2341413,0.00014,0.00016,0.00013,0.00015,0.00012,0.00011,0.0001,0.00017,0.00018,9e-05,0.00019,8e-05,0.0002,0.00021,7e-05,0.00022,6e-05,0.00023,0.00024,5e-05
EURGBP_Ticks_2014.01.01_2014.01.31.csv,EURGBP,EUR/GBP,2014,January,7.579060593300221e-05,3.486027581621711e-05,1e-05,0.00129,0.00027,20,1135142,8e-05,7e-05,6e-05,5e-05,9e-05,4e-05,0.0001,0.00011,0.00012,0.00013,0.00014,0.00018,0.00015,0.00016,0.00017,0.00019,0.0002,0.00021,0.00022,0.00023
EURJPY_Ticks_2014.01.01_2014.01.31.csv,EURJPY,EUR/JPY,2014,January,0.007731301434948891,0.00546679960589334,0.001,0.35,0.04,20,2132062,0.008,0.007,0.009,0.006,0.005,0.01,0.004,0.003,0.011,0.002,0.012,0.013,0.014,0.001,0.015,0.016,0.02,0.018,0.017,0.019
EURUSD_Ticks_2014.01.01_2014.01.31.csv,EURUSD,EUR/USD,2014,January,2.5806118191473237e-05,2.290994480844335e-05,1e-05,0.00245,0.0003,20,1476384,2e-05,3e-05,1e-05,4e-05,5e-05,6e-05,7e-05,8e-05,9e-05,0.0001,0.00011,0.00012,0.00013,0.00014,0.00015,0.00016,0.00017,0.00018,0.0002,0.00019
GBPAUD_Ticks_2014.01.01_2014.01.31.csv,GBPAUD,GBP/AUD,2014,January,0.00021562417253522044,0.00010994645645127789,1e-05,0.00492,0.0009,20,1935883,0.00017,0.00022,0.00023,0.00019,0.00015,0.00021,0.0002,0.00018,0.00016,0.00024,0.00014,0.00013,0.00029,0.00025,0.00026,0.00027,0.00012,0.00028,0.00011,0.0001
GBPJPY_Ticks_2014.01.01_2014.01.31.csv,GBPJPY,GBP/JPY,2014,January,0.01356696508451169,0.006684608772437712,0.001,0.445,0.07,20,2498175,0.015,0.014,0.013,0.012,0.011,0.01,0.009,0.008,0.016,0.017,0.007,0.018,0.006,0.019,0.02,0.005,0.022,0.021,0.004,0.023
GBPUSD_Ticks_2014.01.01_2014.01.31.csv,GBPUSD,GBP/USD,2014,January,6.902055082560366e-05,4.3163546901501916e-05,1e-05,0.0036,0.0004,20,1260290,6e-05,7e-05,5e-05,8e-05,4e-05,3e-05,9e-05,0.0001,2e-05,0.00011,0.00012,0.00013,0.00014,1e-05,0.00016,0.00015,0.00017,0.00019,0.00018,0.0002
USDJPY_Ticks_2014.01.01_2014.01.31.csv,USDJPY,USD/JPY,2014,January,0.004332862836209882,0.002345070674251767,0.001,0.291,0.03,20,1453073,0.004,0.003,0.005,0.006,0.002,0.007,0.001,0.008,0.009,0.01,0.011,0.012,0.013,0.014,0.016,0.015,0.017,0.018,0.02,0.019
AUDJPY_Ticks_2014.07.01_2014.07.31.csv,AUDJPY,AUD/JPY,2014,July,0.009859661695949807,0.00310470818011404,0.001,0.144,0.06,20,1435809,0.01,0.009,0.011,0.008,0.012,0.007,0.006,0.013,0.005,0.014,0.004,0.016,0.015,0.017,0.018,0.019,0.02,0.021,0.022,0.023
AUDUSD_Ticks_2014.07.01_2014.07.31.csv,AUDUSD,AUD/USD,2014,July,8.152553558783915e-05,2.7513383294768194e-05,1e-05,0.00141,0.00045,20,1080355,8e-05,7e-05,9e-05,6e-05,0.0001,5e-05,4e-05,0.00011,0.00012,0.00013,0.00014,0.00015,0.00016,0.00018,0.00017,0.00019,0.0002,0.00021,0.00024,0.00022
EURAUD_Ticks_2014.07.01_2014.07.31.csv,EURAUD,EUR/AUD,2014,July,0.0001515240665320883,4.281675623357965e-05,1e-05,0.00301,0.0009,20,1472252,0.00016,0.00014,0.00015,0.00013,0.00018,0.00017,0.00012,0.00011,0.0001,0.00019,9e-05,0.0002,8e-05,0.00021,7e-05,0.00022,0.00023,0.00024,6e-05,0.00025
EURGBP_Ticks_2014.07.01_2014.07.31.csv,EURGBP,EUR/GBP,2014,July,7.982346661635246e-05,2.1585097612060457e-05,1e-05,0.00088,0.00027,20,1007005,8e-05,7e-05,9e-05,6e-05,0.0001,5e-05,0.00011,4e-05,0.00012,0.00013,0.00014,0.00015,0.00016,0.00018,0.00017,0.0002,0.00019,0.00021,0.00022,0.00023
EURJPY_Ticks_2014.07.01_2014.07.31.csv,EURJPY,EUR/JPY,2014,July,0.005574093578209011,0.0023659818317387908,0.001,0.184,0.04,20,1323556,0.006,0.005,0.007,0.004,0.003,0.008,0.002,0.009,0.001,0.01,0.011,0.014,0.013,0.012,0.018,0.015,0.016,0.017,0.019,0.02
EURUSD_Ticks_2014.07.01_2014.07.31.csv,EURUSD,EUR/USD,2014,July,2.4573143449183986e-05,1.2794705432688123e-05,1e-05,0.00068,0.0003,20,1175594,2e-05,3e-05,1e-05,4e-05,5e-05,6e-05,7e-05,8e-05,9e-05,0.0001,0.00011,0.00012,0.00013,0.00015,0.00014,0.00016,0.00017,0.00018,0.00019,0.0002
GBPAUD_Ticks_2014.07.01_2014.07.31.csv,GBPAUD,GBP/AUD,2014,July,0.00018794107424969608,6.886778091165465e-05,1e-05,0.00461,0.0009,20,1734997,0.00019,0.00021,0.00017,0.00018,0.0002,0.00016,0.00015,0.00014,0.00022,0.00023,0.00013,0.00012,0.00011,0.00024,0.0001,9e-05,0.00025,8e-05,0.00026,7e-05
GBPJPY_Ticks_2014.07.01_2014.07.31.csv,GBPJPY,GBP/JPY,2014,July,0.013089061059200258,0.004578668467277895,0.001,0.484,0.07,20,1766597,0.013,0.012,0.014,0.011,0.01,0.015,0.016,0.009,0.017,0.008,0.007,0.018,0.006,0.019,0.005,0.02,0.021,0.022,0.023,0.024
GBPUSD_Ticks_2014.07.01_2014.07.31.csv,GBPUSD,GBP/USD,2014,July,8.435978951426096e-05,3.5933362396979785e-05,1e-05,0.00217,0.0004,20,1374915,8e-05,7e-05,9e-05,6e-05,0.0001,5e-05,0.00011,4e-05,0.00012,0.00013,3e-05,0.00014,0.00016,0.00015,0.00017,0.00018,2e-05,0.00019,0.0002,0.00021
USDJPY_Ticks_2014.07.01_2014.07.31.csv,USDJPY,USD/JPY,2014,July,0.0025713000975299966,0.0014917764388951043,0.001,0.12,0.03,20,881780,0.002,0.003,0.001,0.004,0.005,0.006,0.007,0.008,0.009,0.012,0.01,0.011,0.013,0.014,0.016,0.015,0.017,0.019,0.018,0.02
AUDJPY_Ticks_2014.06.01_2014.06.30.csv,AUDJPY,AUD/JPY,2014,June,0.00977991462095525,0.003507688655330578,0.001,0.182,0.06,20,1455158,0.01,0.009,0.011,0.008,0.012,0.007,0.006,0.013,0.005,0.014,0.004,0.015,0.016,0.017,0.018,0.019,0.02,0.022,0.021,0.024
AUDUSD_Ticks_2014.06.01_2014.06.30.csv,AUDUSD,AUD/USD,2014,June,8.499930273200482e-05,3.2460809491777894e-05,1e-05,0.00149,0.00045,20,1011089,8e-05,9e-05,7e-05,0.0001,6e-05,5e-05,0.00011,4e-05,0.00012,0.00013,0.00014,0.00016,0.00015,0.0002,0.00018,0.00017,0.00019,0.00021,0.00022,0.00024
EURAUD_Ticks_2014.06.01_2014.06.30.csv,EURAUD,EUR/AUD,2014,June,0.00015188463401512143,5.015647069763477e-05,1e-05,0.00283,0.0009,20,1566909,0.00016,0.00015,0.00014,0.00018,0.00013,0.00017,0.00012,0.00011,0.0001,9e-05,0.00019,0.0002,8e-05,0.00021,7e-05,0.00022,6e-05,0.00023,0.00024,5e-05
EURGBP_Ticks_2014.06.01_2014.06.30.csv,EURGBP,EUR/GBP,2014,June,8.238970912394405e-05,2.4525105479802054e-05,1e-05,0.00112,0.00027,20,1009399,8e-05,9e-05,7e-05,0.0001,6e-05,5e-05,0.00011,0.00012,4e-05,0.00013,0.00014,0.00016,0.00015,0.00017,0.00018,0.0002,0.00019,0.00021,0.00022,0.00023
EURJPY_Ticks_2014.06.01_2014.06.30.csv,EURJPY,EUR/JPY,2014,June,0.005790015164038449,0.0027569018673552284,0.001,0.268,0.04,20,1536530,0.006,0.007,0.005,0.004,0.008,0.003,0.002,0.009,0.001,0.01,0.011,0.012,0.014,0.013,0.016,0.015,0.018,0.017,0.019,0.02
EURUSD_Ticks_2014.06.01_2014.06.30.csv,EURUSD,EUR/USD,2014,June,2.5039005230469614e-05,1.4004731321828369e-05,1e-05,0.00105,0.0003,20,1377123,2e-05,3e-05,1e-05,4e-05,5e-05,6e-05,7e-05,8e-05,9e-05,0.0001,0.00011,0.00012,0.00013,0.00014,0.00015,0.00016,0.00018,0.00017,0.0002,0.00019
GBPAUD_Ticks_2014.06.01_2014.06.30.csv,GBPAUD,GBP/AUD,2014,June,0.00018446903700692518,7.524410571658341e-05,1e-05,0.00399,0.0009,20,1721975,0.00019,0.00021,0.00017,0.00018,0.00016,0.0002,0.00015,0.00014,0.00013,0.00023,0.00022,0.00012,0.00011,0.0001,0.00024,9e-05,8e-05,0.00025,0.00026,7e-05
GBPJPY_Ticks_2014.06.01_2014.06.30.csv,GBPJPY,GBP/JPY,2014,June,0.012863974469465984,0.004863103848177379,0.001,0.403,0.07,20,1898276,0.012,0.014,0.013,0.011,0.01,0.015,0.016,0.009,0.017,0.008,0.007,0.006,0.018,0.019,0.005,0.02,0.021,0.004,0.022,0.024
GBPUSD_Ticks_2014.06.01_2014.06.30.csv,GBPUSD,GBP/USD,2014,June,8.59378051040048e-05,3.668080282942009e-05,1e-05,0.0018,0.0004,20,1322295,9e-05,8e-05,7e-05,0.0001,6e-05,0.00011,5e-05,0.00012,4e-05,0.00013,3e-05,0.00014,0.00015,0.00016,2e-05,0.00017,0.00018,0.00019,0.0002,0.00021
USDJPY_Ticks_2014.06.01_2014.06.30.csv,USDJPY,USD/JPY,2014,June,0.0027178866216057483,0.0014699196527749037,0.001,0.096,0.03,20,936510,0.003,0.002,0.004,0.001,0.005,0.006,0.007,0.008,0.009,0.012,0.01,0.011,0.014,0.013,0.015,0.018,0.016,0.017,0.019,0.02
AUDJPY_Ticks_2014.03.01_2014.03.31.csv,AUDJPY,AUD/JPY,2014,March,0.009869173102196791,0.00386111880072504,0.001,0.149,0.06,20,1646588,0.01,0.009,0.011,0.008,0.012,0.007,0.006,0.013,0.005,0.014,0.004,0.015,0.016,0.017,0.018,0.019,0.02,0.022,0.021,0.023
AUDUSD_Ticks_2014.03.01_2014.03.31.csv,AUDUSD,AUD/USD,2014,March,7.304302623399978e-05,2.8228629692893668e-05,1e-05,0.00196,0.00045,20,1002249,7e-05,8e-05,6e-05,5e-05,9e-05,4e-05,0.0001,0.00011,0.00012,0.00013,0.00014,0.00016,0.00015,0.00018,0.00017,0.00019,0.00021,0.0002,0.00022,0.00024
EURAUD_Ticks_2014.03.01_2014.03.31.csv,EURAUD,EUR/AUD,2014,March,0.0001497674036870196,5.920089201636448e-05,1e-05,0.00258,0.0009,20,1772814,0.00014,0.00016,0.00013,0.00015,0.00012,0.00011,0.0001,0.00017,0.00018,0.00019,9e-05,0.0002,8e-05,0.00021,7e-05,0.00022,6e-05,0.00023,5e-05,0.00024
EURGBP_Ticks_2014.03.01_2014.03.31.csv,EURGBP,EUR/GBP,2014,March,7.146509108260592e-05,3.208254508256134e-05,1e-05,0.00106,0.00027,20,890675,7e-05,6e-05,8e-05,5e-05,4e-05,9e-05,0.0001,0.00011,0.00012,0.00014,0.00013,0.00018,0.00015,0.00016,0.00017,0.0002,0.00019,0.00021,0.00022,0.00023
EURJPY_Ticks_2014.03.01_2014.03.31.csv,EURJPY,EUR/JPY,2014,March,0.006162386599238699,0.003267167232209534,0.001,0.165,0.04,20,1732021,0.006,0.007,0.005,0.008,0.004,0.003,0.009,0.002,0.01,0.001,0.011,0.012,0.014,0.013,0.016,0.018,0.015,0.017,0.019,0.02
EURUSD_Ticks_2014.03.01_2014.03.31.csv,EURUSD,EUR/USD,2014,March,2.459639083559534e-05,1.9531075697244286e-05,1e-05,0.00187,0.0003,20,1021954,2e-05,3e-05,1e-05,4e-05,5e-05,6e-05,7e-05,8e-05,9e-05,0.0001,0.00012,0.00011,0.00013,0.00014,0.00015,0.00016,0.00018,0.00017,0.00019,0.00022
GBPAUD_Ticks_2014.03.01_2014.03.31.csv,GBPAUD,GBP/AUD,2014,March,0.00018403231057089253,0.00010081504385703504,4e-05,0.00452,0.0009,20,1618851,0.00017,0.00015,0.00019,0.00016,0.00022,0.00023,0.00014,0.00018,0.0002,0.00013,0.00021,0.00012,0.00011,0.0001,9e-05,8e-05,7e-05,0.00024,0.00025,6e-05
GBPJPY_Ticks_2014.03.01_2014.03.31.csv,GBPJPY,GBP/JPY,2014,March,0.012684528018246594,0.006128204115759988,0.001,0.35,0.07,20,2086087,0.012,0.013,0.015,0.011,0.014,0.01,0.009,0.008,0.007,0.016,0.017,0.006,0.018,0.005,0.019,0.02,0.004,0.021,0.022,0.023
GBPUSD_Ticks_2014.03.01_2014.03.31.csv,GBPUSD,GBP/USD,2014,March,6.69156330489743e-05,4.057886536165448e-05,1e-05,0.00259,0.0004,20,1094860,6e-05,7e-05,5e-05,8e-05,4e-05,3e-05,9e-05,0.0001,2e-05,0.00011,0.00012,0.00013,1e-05,0.00014,0.00015,0.00016,0.00017,0.00018,0.00019,0.0002
USDJPY_Ticks_2014.03.01_2014.03.31.csv,USDJPY,USD/JPY,2014,March,0.0031002430751232326,0.0016796864460063082,0.001,0.166,0.03,20,1121464,0.003,0.002,0.004,0.001,0.005,0.006,0.007,0.008,0.009,0.01,0.012,0.011,0.013,0.014,0.016,0.015,0.018,0.017,0.019,0.022
AUDJPY_Ticks_2014.05.01_2014.05.31.csv,AUDJPY,AUD/JPY,2014,May,0.009236491705133893,0.003471517019910629,0.001,0.129,0.06,20,1437154,0.009,0.01,0.008,0.011,0.007,0.006,0.012,0.005,0.004,0.013,0.014,0.015,0.016,0.017,0.018,0.019,0.02,0.021,0.022,0.026
AUDUSD_Ticks_2014.05.01_2014.05.31.csv,AUDUSD,AUD/USD,2014,May,7.258368875800758e-05,2.635947533507879e-05,1e-05,0.00212,0.00045,20,1008887,7e-05,8e-05,6e-05,5e-05,9e-05,4e-05,0.0001,0.00011,0.00012,0.00014,0.00013,0.00016,0.00015,0.00018,0.00017,0.0002,0.00019,0.00022,0.00021,0.00024
EURAUD_Ticks_2014.05.01_2014.05.31.csv,EURAUD,EUR/AUD,2014,May,0.00013770847270672294,4.784036812373995e-05,1e-05,0.00323,0.0009,20,1617358,0.00014,0.00013,0.00016,0.00012,0.00015,0.00011,0.0001,9e-05,0.00017,0.00018,8e-05,7e-05,0.00019,0.0002,6e-05,0.00021,5e-05,0.00022,0.00023,4e-05
EURGBP_Ticks_2014.05.01_2014.05.31.csv,EURGBP,EUR/GBP,2014,May,7.15192281933774e-05,2.2069183349114156e-05,1e-05,0.00099,0.00027,20,836168,7e-05,8e-05,6e-05,5e-05,9e-05,4e-05,0.0001,0.00011,0.00012,0.00013,0.00014,0.00015,0.00016,0.00018,0.00017,0.00019,0.0002,0.00022,0.00021,0.00023
EURJPY_Ticks_2014.05.01_2014.05.31.csv,EURJPY,EUR/JPY,2014,May,0.006327425002546599,0.002773262788290215,0.001,0.162,0.04,20,1570720,0.007,0.006,0.008,0.005,0.004,0.003,0.009,0.002,0.01,0.001,0.011,0.012,0.013,0.014,0.016,0.018,0.015,0.017,0.019,0.021
EURUSD_Ticks_2014.05.01_2014.05.31.csv,EURUSD,EUR/USD,2014,May,2.3330179614162185e-05,1.4386190874146801e-05,1e-05,0.00213,0.0003,20,1217610,2e-05,3e-05,1e-05,4e-05,5e-05,6e-05,7e-05,8e-05,9e-05,0.0001,0.00012,0.00011,0.00013,0.00015,0.00014,0.00016,0.0002,0.00017,0.00018,0.00019
GBPAUD_Ticks_2014.05.01_2014.05.31.csv,GBPAUD,GBP/AUD,2014,May,0.00018102161694285492,7.721175691701506e-05,1e-05,0.00445,0.0009,20,1610496,0.00017,0.00019,0.00015,0.00016,0.00014,0.00018,0.00013,0.00022,0.0002,0.00012,0.00021,0.00011,0.00023,0.00024,0.0001,9e-05,0.00025,8e-05,0.00026,0.00027
GBPJPY_Ticks_2014.05.01_2014.05.31.csv,GBPJPY,GBP/JPY,2014,May,0.012257733627628225,0.004504840225970192,0.001,0.407,0.07,20,1877935,0.012,0.011,0.013,0.01,0.015,0.014,0.009,0.008,0.007,0.016,0.006,0.017,0.018,0.005,0.019,0.02,0.021,0.004,0.022,0.023
GBPUSD_Ticks_2014.05.01_2014.05.31.csv,GBPUSD,GBP/USD,2014,May,7.082569072315811e-05,3.365179670251707e-05,1e-05,0.00185,0.0004,20,1038694,7e-05,6e-05,8e-05,5e-05,4e-05,9e-05,0.0001,3e-05,0.00011,0.00012,2e-05,0.00013,0.00014,0.00015,0.00016,1e-05,0.00018,0.00017,0.00019,0.0002
USDJPY_Ticks_2014.05.01_2014.05.31.csv,USDJPY,USD/JPY,2014,May,0.0027827535560945235,0.0015362233871842848,0.001,0.126,0.03,20,976352,0.003,0.002,0.004,0.001,0.005,0.006,0.007,0.008,0.009,0.01,0.012,0.011,0.013,0.014,0.015,0.016,0.017,0.018,0.019,0.02
AUDJPY_Ticks_2014.11.01_2014.11.30.csv,AUDJPY,AUD/JPY,2014,November,0.012464626807403522,0.004622209324545577,0.001,0.24,0.06,20,2197766,0.012,0.014,0.013,0.011,0.01,0.009,0.008,0.015,0.016,0.007,0.017,0.006,0.018,0.005,0.019,0.004,0.02,0.021,0.022,0.024
AUDUSD_Ticks_2014.11.01_2014.11.30.csv,AUDUSD,AUD/USD,2014,November,7.319561606787794e-05,3.22261079649115e-05,1e-05,0.00334,0.00045,20,1325203,7e-05,6e-05,8e-05,5e-05,9e-05,4e-05,0.0001,0.00011,0.00012,0.00013,0.00014,0.00015,0.00016,0.00017,0.00018,0.00019,0.0002,0.00021,0.00022,0.00029
EURAUD_Ticks_2014.11.01_2014.11.30.csv,EURAUD,EUR/AUD,2014,November,0.00018103212236307407,6.57009336529134e-05,1e-05,0.00301,0.0009,20,2285853,0.00018,0.00016,0.00017,0.00015,0.0002,0.00014,0.00019,0.00013,0.00021,0.00012,0.00022,0.00023,0.00011,0.0001,0.00024,0.00025,9e-05,0.00026,8e-05,0.00027
EURGBP_Ticks_2014.11.01_2014.11.30.csv,EURGBP,EUR/GBP,2014,November,9.387293090538327e-05,3.27393603700692e-05,1e-05,0.0011,0.00027,20,1380918,9e-05,8e-05,0.0001,7e-05,0.00011,6e-05,0.00012,5e-05,0.00013,0.00014,4e-05,0.00015,0.00016,0.00017,0.00018,0.00019,0.0002,0.00021,0.00022,0.00023
EURJPY_Ticks_2014.11.01_2014.11.30.csv,EURJPY,EUR/JPY,2014,November,0.008382961504514903,0.004252924577732922,0.001,0.273,0.04,20,2577575,0.008,0.009,0.007,0.01,0.006,0.005,0.004,0.011,0.003,0.012,0.002,0.013,0.014,0.015,0.016,0.018,0.017,0.019,0.02,0.001
EURUSD_Ticks_2014.11.01_2014.11.30.csv,EURUSD,EUR/USD,2014,November,3.220977724632146e-05,1.935617525265893e-05,1e-05,0.00172,0.0003,20,1863224,3e-05,2e-05,4e-05,1e-05,5e-05,6e-05,7e-05,8e-05,9e-05,0.0001,0.00011,0.00012,0.00013,0.00014,0.00015,0.00016,0.00017,0.00018,0.00019,0.0002
GBPAUD_Ticks_2014.11.01_2014.11.30.csv,GBPAUD,GBP/AUD,2014,November,0.0002552755133547862,0.00012967503423544938,1e-05,0.00492,0.0009,20,1904336,0.00021,0.00019,0.00024,0.00022,0.00023,0.0002,0.00025,0.00027,0.00018,0.00026,0.00017,0.00029,0.00028,0.0003,0.00031,0.00016,0.00032,0.00015,0.00033,0.00014
GBPJPY_Ticks_2014.11.01_2014.11.30.csv,GBPJPY,GBP/JPY,2014,November,0.018374932292860302,0.007306015127432201,0.001,0.492,0.07,20,2604969,0.017,0.016,0.019,0.015,0.018,0.02,0.014,0.013,0.021,0.022,0.012,0.023,0.011,0.024,0.025,0.01,0.026,0.027,0.009,0.028
GBPUSD_Ticks_2014.11.01_2014.11.30.csv,GBPUSD,GBP/USD,2014,November,0.00011866637106441271,4.689399639054796e-05,1e-05,0.00197,0.0004,20,1635080,0.00011,0.00012,0.0001,9e-05,0.00013,8e-05,0.00014,7e-05,0.00015,0.00016,0.00017,6e-05,0.00018,5e-05,0.00019,0.0002,4e-05,0.00021,0.00022,0.00024
USDJPY_Ticks_2014.11.01_2014.11.30.csv,USDJPY,USD/JPY,2014,November,0.0039511784017795355,0.0024628581235130137,0.001,0.152,0.03,20,1772146,0.004,0.003,0.002,0.005,0.006,0.001,0.007,0.008,0.009,0.01,0.011,0.012,0.013,0.014,0.015,0.016,0.017,0.018,0.019,0.02
AUDJPY_Ticks_2014.10.01_2014.10.31.csv,AUDJPY,AUD/JPY,2014,October,0.010678413409809028,0.0036173515555134295,0.001,0.29,0.06,20,2461959,0.011,0.01,0.012,0.009,0.008,0.013,0.007,0.014,0.006,0.005,0.015,0.016,0.004,0.017,0.018,0.019,0.02,0.021,0.022,0.023
AUDUSD_Ticks_2014.10.01_2014.10.31.csv,AUDUSD,AUD/USD,2014,October,7.015861014556275e-05,2.7671339894244514e-05,1e-05,0.00181,0.00045,20,1494545,7e-05,6e-05,8e-05,5e-05,4e-05,9e-05,0.0001,0.00011,0.00012,0.00013,0.00014,0.00015,0.00016,0.00017,0.00018,0.0002,0.00019,0.00021,0.00022,0.00023
EURAUD_Ticks_2014.10.01_2014.10.31.csv,EURAUD,EUR/AUD,2014,October,0.0001676851787116218,5.263628519023068e-05,1e-05,0.00304,0.0009,20,2746212,0.00016,0.00018,0.00015,0.00017,0.00014,0.00013,0.00019,0.0002,0.00012,0.00011,0.00021,0.0001,0.00022,0.00023,9e-05,0.00024,0.00025,8e-05,0.00026,7e-05
EURGBP_Ticks_2014.10.01_2014.10.31.csv,EURGBP,EUR/GBP,2014,October,8.721778443735743e-05,2.689840999436353e-05,1e-05,0.00096,0.00027,20,1627063,8e-05,9e-05,0.0001,7e-05,6e-05,0.00011,5e-05,0.00012,4e-05,0.00013,0.00014,0.00015,0.00016,0.00017,0.00018,0.0002,0.00019,0.00021,0.00022,0.00023
EURJPY_Ticks_2014.10.01_2014.10.31.csv,EURJPY,EUR/JPY,2014,October,0.006807908427417094,0.0032835131395715237,0.001,0.343,0.04,20,2875009,0.007,0.006,0.008,0.005,0.009,0.004,0.003,0.01,0.002,0.011,0.012,0.001,0.014,0.013,0.018,0.015,0.016,0.017,0.019,0.02
EURUSD_Ticks_2014.10.01_2014.10.31.csv,EURUSD,EUR/USD,2014,October,3.336738105409516e-05,1.7452881590407692e-05,1e-05,0.00112,0.0003,20,2261238,3e-05,2e-05,4e-05,5e-05,1e-05,6e-05,7e-05,8e-05,9e-05,0.0001,0.00011,0.00012,0.00013,0.00014,0.00015,0.00016,0.00017,0.00018,0.00019,0.00022
GBPAUD_Ticks_2014.10.01_2014.10.31.csv,GBPAUD,GBP/AUD,2014,October,0.00023637593882777362,9.504300195992938e-05,1e-05,0.00499,0.0009,20,2487011,0.00021,0.00019,0.00023,0.00022,0.00024,0.0002,0.00025,0.00018,0.00017,0.00027,0.00026,0.00016,0.00029,0.00028,0.00015,0.0003,0.00031,0.00032,0.00014,0.00033
GBPJPY_Ticks_2014.10.01_2014.10.31.csv,GBPJPY,GBP/JPY,2014,October,0.014875824206414857,0.005169516870759111,0.001,0.269,0.07,20,3125279,0.013,0.012,0.014,0.015,0.017,0.011,0.016,0.018,0.01,0.019,0.009,0.02,0.008,0.021,0.022,0.007,0.023,0.024,0.006,0.025
GBPUSD_Ticks_2014.10.01_2014.10.31.csv,GBPUSD,GBP/USD,2014,October,0.00011137894756011589,3.849832995038864e-05,1e-05,0.00197,0.0004,20,1921915,0.0001,0.00011,9e-05,0.00012,8e-05,0.00013,7e-05,0.00014,0.00015,0.00016,6e-05,0.00017,5e-05,0.00018,4e-05,0.00019,0.0002,0.00021,0.00022,3e-05
USDJPY_Ticks_2014.10.01_2014.10.31.csv,USDJPY,USD/JPY,2014,October,0.0033071349460249413,0.0018371050836293137,0.001,0.234,0.03,20,1910512,0.003,0.004,0.002,0.005,0.001,0.006,0.007,0.008,0.009,0.01,0.011,0.012,0.013,0.014,0.016,0.015,0.018,0.017,0.019,0.02
AUDJPY_Ticks_2014.09.01_2014.09.30.csv,AUDJPY,AUD/JPY,2014,September,0.010034654475295356,0.0032371164210295306,0.001,0.197,0.06,20,1950888,0.01,0.011,0.009,0.012,0.008,0.007,0.013,0.006,0.014,0.005,0.004,0.015,0.016,0.017,0.018,0.019,0.02,0.021,0.022,0.023
AUDUSD_Ticks_2014.09.01_2014.09.30.csv,AUDUSD,AUD/USD,2014,September,8.042828428555348e-05,2.8969738154322493e-05,1e-05,0.0015,0.00045,20,1350248,9e-05,7e-05,8e-05,6e-05,0.0001,5e-05,0.00011,4e-05,0.00012,0.00013,0.00014,0.00015,0.00016,0.00018,0.00017,0.00019,0.0002,0.00021,0.00022,0.00023
EURAUD_Ticks_2014.09.01_2014.09.30.csv,EURAUD,EUR/AUD,2014,September,0.00015702166692291658,4.706648060100293e-05,1e-05,0.00229,0.0009,20,2198374,0.00016,0.00015,0.00014,0.00017,0.00018,0.00013,0.00012,0.00011,0.00019,0.0001,0.0002,9e-05,0.00021,8e-05,0.00022,0.00023,7e-05,0.00024,0.00025,0.00026
EURGBP_Ticks_2014.09.01_2014.09.30.csv,EURGBP,EUR/GBP,2014,September,8.650309738851451e-05,2.9349184347714668e-05,1e-05,0.00121,0.00027,20,1438147,8e-05,9e-05,7e-05,0.0001,6e-05,0.00011,5e-05,0.00012,4e-05,0.00013,0.00014,0.00016,0.00015,0.00017,0.00018,0.0002,0.00019,0.00021,0.00022,0.00023
EURJPY_Ticks_2014.09.01_2014.09.30.csv,EURJPY,EUR/JPY,2014,September,0.006425957470393706,0.002986361287055127,0.001,0.233,0.04,20,2165080,0.007,0.006,0.005,0.008,0.004,0.009,0.003,0.002,0.01,0.011,0.001,0.012,0.013,0.014,0.018,0.015,0.016,0.017,0.019,0.02
EURUSD_Ticks_2014.09.01_2014.09.30.csv,EURUSD,EUR/USD,2014,September,3.1370420194666455e-05,1.661844878323937e-05,1e-05,0.00112,0.0003,20,1769180,3e-05,2e-05,4e-05,1e-05,5e-05,6e-05,7e-05,8e-05,9e-05,0.0001,0.00011,0.00012,0.00013,0.00014,0.00015,0.00016,0.00018,0.00017,0.00019,0.0002
GBPAUD_Ticks_2014.09.01_2014.09.30.csv,GBPAUD,GBP/AUD,2014,September,0.00021935745905837974,9.245280659260193e-05,1e-05,0.00407,0.0009,20,2368067,0.00021,0.00019,0.00023,0.0002,0.00018,0.00022,0.00017,0.00024,0.00016,0.00015,0.00025,0.00026,0.00014,0.00027,0.00013,0.00012,0.00029,0.00028,0.00011,0.00031
GBPJPY_Ticks_2014.09.01_2014.09.30.csv,GBPJPY,GBP/JPY,2014,September,0.014403673193469534,0.005981282356345861,0.001,0.361,0.07,20,2544380,0.013,0.011,0.014,0.012,0.015,0.017,0.016,0.01,0.009,0.018,0.019,0.008,0.02,0.007,0.021,0.022,0.006,0.023,0.024,0.025
GBPUSD_Ticks_2014.09.01_2014.09.30.csv,GBPUSD,GBP/USD,2014,September,0.00011230998039712316,4.453323435700772e-05,1e-05,0.00226,0.0004,20,1804327,0.0001,9e-05,0.00011,0.00012,8e-05,0.00013,0.00014,7e-05,0.00015,6e-05,0.00016,0.00017,5e-05,0.00018,4e-05,0.00019,0.0002,0.00022,0.00021,0.00023
USDJPY_Ticks_2014.09.01_2014.09.30.csv,USDJPY,USD/JPY,2014,September,0.003100983142662574,0.0016631280601712218,0.001,0.123,0.03,20,1361247,0.003,0.002,0.004,0.001,0.005,0.006,0.007,0.008,0.009,0.01,0.011,0.012,0.013,0.014,0.016,0.015,0.017,0.018,0.019,0.02
